{
  "IcoMoonType": "selection",
  "icons": [
    {
      "icon": {
        "paths": [
          "M928 128h-832c-52.8 0-96 43.2-96 96v640c0 52.8 43.2 96 96 96h832c52.8 0 96-43.2 96-96v-640c0-52.8-43.2-96-96-96zM398.74 550.372l-270.74 210.892v-501.642l270.74 290.75zM176.38 256h671.24l-335.62 252-335.62-252zM409.288 561.698l102.712 110.302 102.71-110.302 210.554 270.302h-626.528l210.552-270.302zM625.26 550.372l270.74-290.75v501.642l-270.74-210.892z"
        ],
        "tags": [
          "envelop",
          "mail",
          "email",
          "contact",
          "letter"
        ],
        "defaultCode": 59717,
        "grid": 16,
        "attrs": []
      },
      "attrs": [],
      "properties": {
        "ligatures": "envelop, mail",
        "name": "envelop",
        "order": 5,
        "id": 70,
        "prevSize": 32,
        "code": 59717
      },
      "setIdx": 0,
      "setId": 1,
      "iconIdx": 69
    },
    {
      "icon": {
        "paths": [
          "M512.008 12.642c-282.738 0-512.008 229.218-512.008 511.998 0 226.214 146.704 418.132 350.136 485.836 25.586 4.738 34.992-11.11 34.992-24.632 0-12.204-0.48-52.542-0.696-95.324-142.448 30.976-172.504-60.41-172.504-60.41-23.282-59.176-56.848-74.916-56.848-74.916-46.452-31.778 3.51-31.124 3.51-31.124 51.4 3.61 78.476 52.766 78.476 52.766 45.672 78.27 119.776 55.64 149.004 42.558 4.588-33.086 17.852-55.68 32.506-68.464-113.73-12.942-233.276-56.85-233.276-253.032 0-55.898 20.004-101.574 52.76-137.428-5.316-12.9-22.854-64.972 4.952-135.5 0 0 43.006-13.752 140.84 52.49 40.836-11.348 84.636-17.036 128.154-17.234 43.502 0.198 87.336 5.886 128.256 17.234 97.734-66.244 140.656-52.49 140.656-52.49 27.872 70.528 10.35 122.6 5.036 135.5 32.82 35.856 52.694 81.532 52.694 137.428 0 196.654-119.778 239.95-233.79 252.624 18.364 15.89 34.724 47.046 34.724 94.812 0 68.508-0.596 123.644-0.596 140.508 0 13.628 9.222 29.594 35.172 24.566 203.322-67.776 349.842-259.626 349.842-485.768 0-282.78-229.234-511.998-511.992-511.998z"
        ],
        "tags": [
          "github",
          "brand",
          "octacat",
          "social"
        ],
        "defaultCode": 60080,
        "grid": 16,
        "attrs": []
      },
      "attrs": [],
      "properties": {
        "ligatures": "github, brand40",
        "name": "github",
        "order": 2,
        "id": 433,
        "prevSize": 32,
        "code": 60080
      },
      "setIdx": 0,
      "setId": 1,
      "iconIdx": 432
    },
    {
      "icon": {
        "paths": [
          "M384 384h177.106v90.782h2.532c24.64-44.194 84.958-90.782 174.842-90.782 186.946 0 221.52 116.376 221.52 267.734v308.266h-184.61v-273.278c0-65.184-1.334-149.026-96.028-149.026-96.148 0-110.82 70.986-110.82 144.292v278.012h-184.542v-576z",
          "M64 384h192v576h-192v-576z",
          "M256 224c0 53.019-42.981 96-96 96s-96-42.981-96-96c0-53.019 42.981-96 96-96s96 42.981 96 96z"
        ],
        "tags": [
          "linkedin",
          "brand",
          "social"
        ],
        "defaultCode": 60106,
        "grid": 16,
        "attrs": []
      },
      "attrs": [],
      "properties": {
        "ligatures": "linkedin2, brand65",
        "name": "linkedin2",
        "order": 6,
        "id": 459,
        "prevSize": 32,
        "code": 60106
      },
      "setIdx": 0,
      "setId": 1,
      "iconIdx": 458
    }
  ],
  "height": 1024,
  "metadata": {
    "name": "icomoon"
  },
  "preferences": {
    "showGlyphs": true,
    "showQuickUse": true,
    "showQuickUse2": true,
    "showSVGs": true,
    "fontPref": {
      "prefix": "icon-",
      "metadata": {
        "fontFamily": "icomoon"
      },
      "metrics": {
        "emSize": 1024,
        "baseline": 6.25,
        "whitespace": 50
      },
      "embed": false
    },
    "imagePref": {
      "prefix": "icon-",
      "png": true,
      "useClassSelector": true,
      "color": 0,
      "bgColor": 16777215,
      "classSelector": ".icon"
    },
    "historySize": 50,
    "showCodes": true,
    "gridSize": 16
  }
}